ZONE,SEXE,AGE,MENAGES_2018,MENAGES_2019,MENAGES_2020,MENAGES_2021,MENAGES_2022,MENAGES_2023,MENAGES_2024,MENAGES_2025,MENAGES_2026,MENAGES_2027,MENAGES_2028,MENAGES_2029,MENAGES_2030,MENAGES_2031,MENAGES_2032,MENAGES_2033,MENAGES_2034,MENAGES_2035,MENAGES_2036,MENAGES_2037,MENAGES_2038,MENAGES_2039,MENAGES_2040,MENAGES_2041,MENAGES_2042,MENAGES_2043,MENAGES_2044,MENAGES_2045,MENAGES_2046,MENAGES_2047,MENAGES_2048,MENAGES_2049,MENAGES_2050,MENAGES_2051,MENAGES_2052,MENAGES_2053,MENAGES_2054,MENAGES_2055,MENAGES_2056,MENAGES_2057,MENAGES_2058,MENAGES_2059,MENAGES_2060,MENAGES_2061,MENAGES_2062,MENAGES_2063,MENAGES_2064,MENAGES_2065,MENAGES_2066,MENAGES_2067,MENAGES_2068,MENAGES_2069,MENAGES_2070
MEL,1,0,11,11,11,11,11,11,12,12,12,12,12,12,13,13,13,13,13,13,13,13,13,13,13,13,12,12,12,12,12,12,12,12,12,0,0,0,0,0,0,0,0,0,0,0,0,0,0,0,0,0,0,0,0
MEL,1,1,21,22,23,24,24,25,26,27,28,29,30,31,32,33,34,35,35,36,36,37,37,37,38,38,38,38,38,39,39,39,39,39,39,0,0,0,0,0,0,0,0,0,0,0,0,0,0,0,0,0,0,0,0
MEL,1,2,23,24,25,26,27,28,29,30,31,33,34,35,36,37,38,39,40,41,41,42,42,43,43,43,44,44,44,44,44,44,45,45,45,0,0,0,0,0,0,0,0,0,0,0,0,0,0,0,0,0,0,0,0
MEL,1,3,25,24,25,27,28,29,30,31,33,34,36,37,38,40,41,42,43,44,45,45,46,46,47,47,48,48,49,49,49,50,50,50,50,0,0,0,0,0,0,0,0,0,0,0,0,0,0,0,0,0,0,0,0
MEL,1,4,30,32,31,32,35,36,38,39,40,42,44,46,48,49,51,52,54,55,56,57,58,59,59,60,61,61,62,62,63,63,64,64,65,0,0,0,0,0,0,0,0,0,0,0,0,0,0,0,0,0,0,0,0
MEL,1,5,24,26,28,27,28,30,31,33,33,34,36,37,39,40,41,42,43,44,45,46,47,47,48,48,49,49,50,50,51,51,52,52,52,0,0,0,0,0,0,0,0,0,0,0,0,0,0,0,0,0,0,0,0
MEL,1,6,22,22,24,26,25,25,27,28,29,29,30,31,32,33,34,35,36,37,37,38,39,39,40,40,40,41,41,41,42,42,43,43,43,0,0,0,0,0,0,0,0,0,0,0,0,0,0,0,0,0,0,0,0
MEL,1,7,23,24,25,27,29,28,29,31,31,32,33,34,35,36,37,38,39,39,40,41,42,43,43,44,44,44,45,45,46,46,47,47,48,0,0,0,0,0,0,0,0,0,0,0,0,0,0,0,0,0,0,0,0
MEL,1,8,27,28,29,30,32,34,33,34,36,36,37,38,38,40,41,41,42,43,44,45,46,47,47,48,48,49,49,50,50,51,51,52,52,0,0,0,0,0,0,0,0,0,0,0,0,0,0,0,0,0,0,0,0
MEL,1,9,28,30,32,33,34,36,39,37,38,40,41,42,42,43,44,45,46,47,48,49,50,51,51,52,53,53,54,54,54,55,56,56,57,0,0,0,0,0,0,0,0,0,0,0,0,0,0,0,0,0,0,0,0
MEL,1,10,28,30,32,34,35,35,38,40,39,39,41,42,42,43,43,44,45,45,46,47,48,48,49,50,51,51,51,52,52,53,53,54,54,0,0,0,0,0,0,0,0,0,0,0,0,0,0,0,0,0,0,0,0
MEL,1,11,35,35,37,39,42,43,43,47,49,47,48,50,51,52,52,52,53,54,55,56,56,57,58,59,60,61,61,62,62,63,64,64,65,0,0,0,0,0,0,0,0,0,0,0,0,0,0,0,0,0,0,0,0
MEL,1,12,31,36,36,39,41,44,46,46,49,52,50,50,52,53,54,54,54,55,56,57,57,58,59,60,61,62,63,63,64,64,65,66,67,0,0,0,0,0,0,0,0,0,0,0,0,0,0,0,0,0,0,0,0
MEL,1,13,26,26,29,29,31,33,34,36,35,38,39,38,38,39,39,40,39,39,40,41,41,42,42,43,43,44,45,45,45,46,46,47,47,0,0,0,0,0,0,0,0,0,0,0,0,0,0,0,0,0,0,0,0
MEL,1,14,62,66,66,76,77,83,87,92,96,96,103,107,104,104,108,108,110,109,110,111,113,115,117,118,120,122,124,127,128,130,131,133,135,0,0,0,0,0,0,0,0,0,0,0,0,0,0,0,0,0,0,0,0
MEL,1,15,60,64,68,69,79,80,86,91,96,99,99,106,110,106,106,110,110,112,111,112,113,115,117,118,120,122,124,127,129,130,132,134,136,0,0,0,0,0,0,0,0,0,0,0,0,0,0,0,0,0,0,0,0
MEL,1,16,96,99,106,112,113,130,132,141,148,156,162,162,172,178,171,171,177,177,179,179,179,181,184,187,190,192,196,199,203,206,209,212,215,0,0,0,0,0,0,0,0,0,0,0,0,0,0,0,0,0,0,0,0
MEL,1,17,188,185,184,189,193,189,210,207,215,220,227,229,224,234,239,227,225,230,229,230,227,226,229,232,234,237,240,243,247,251,255,258,260,0,0,0,0,0,0,0,0,0,0,0,0,0,0,0,0,0,0,0,0
MEL,1,18,1954,1992,1971,1980,2047,2114,2097,2314,2304,2407,2472,2553,2583,2555,2648,2698,2584,2551,2600,2577,2582,2547,2534,2553,2577,2599,2624,2653,2686,2722,2762,2804,2831,0,0,0,0,0,0,0,0,0,0,0,0,0,0,0,0,0,0,0,0
MEL,1,19,2354,2330,2368,2328,2319,2376,2437,2407,2627,2602,2701,2756,2832,2846,2808,2889,2928,2802,2757,2795,2763,2759,2714,2693,2707,2727,2745,2767,2792,2822,2856,2893,2934,0,0,0,0,0,0,0,0,0,0,0,0,0,0,0,0,0,0,0,0
MEL,1,20,2919,3056,3007,3054,2980,2948,2999,3059,3011,3254,3208,3312,3361,3437,3433,3381,3454,3485,3332,3268,3295,3250,3236,3172,3139,3149,3165,3180,3198,3221,3250,3283,3320,0,0,0,0,0,0,0,0,0,0,0,0,0,0,0,0,0,0,0,0
MEL,1,21,3180,3183,3323,3268,3325,3234,3188,3227,3283,3229,3467,3411,3512,3552,3623,3605,3551,3610,3632,3474,3403,3419,3368,3348,3277,3238,3244,3258,3269,3285,3306,3333,3364,0,0,0,0,0,0,0,0,0,0,0,0,0,0,0,0,0,0,0,0
MEL,1,22,3307,3405,3396,3538,3472,3540,3433,3374,3402,3453,3395,3624,3561,3658,3689,3755,3726,3671,3716,3730,3571,3494,3500,3445,3420,3343,3299,3302,3312,3321,3333,3352,3376,0,0,0,0,0,0,0,0,0,0,0,0,0,0,0,0,0,0,0,0
MEL,1,23,3391,3481,3572,3557,3700,3631,3715,3597,3531,3552,3603,3546,3770,3703,3798,3823,3887,3848,3793,3827,3834,3674,3590,3587,3527,3497,3413,3364,3363,3371,3376,3386,3401,0,0,0,0,0,0,0,0,0,0,0,0,0,0,0,0,0,0,0,0
MEL,1,24,3290,3399,3486,3572,3548,3687,3619,3710,3589,3518,3532,3580,3527,3737,3670,3762,3783,3844,3800,3750,3774,3778,3624,3540,3531,3471,3440,3355,3305,3303,3309,3313,3321,0,0,0,0,0,0,0,0,0,0,0,0,0,0,0,0,0,0,0,0
MEL,1,25,3694,3531,3634,3727,3807,3776,3918,3846,3949,3817,3737,3746,3793,3739,3950,3877,3970,3987,4048,3996,3945,3960,3959,3800,3709,3693,3628,3592,3499,3443,3438,3441,3442,0,0,0,0,0,0,0,0,0,0,0,0,0,0,0,0,0,0,0,0
MEL,1,26,3724,3866,3694,3795,3892,3974,3940,4090,4018,4137,4000,3916,3924,3974,3921,4134,4059,4154,4169,4231,4173,4123,4131,4127,3964,3866,3843,3774,3734,3635,3574,3567,3568,0,0,0,0,0,0,0,0,0,0,0,0,0,0,0,0,0,0,0,0
MEL,1,27,4091,3962,4103,3927,4024,4132,4217,4182,4343,4273,4412,4269,4181,4189,4247,4196,4418,4343,4446,4463,4532,4469,4422,4427,4422,4254,4151,4125,4053,4011,3905,3841,3834,0,0,0,0,0,0,0,0,0,0,0,0,0,0,0,0,0,0,0,0
MEL,1,28,4212,4306,4168,4306,4121,4215,4330,4415,4378,4545,4476,4632,4484,4392,4399,4460,4412,4637,4561,4669,4685,4757,4689,4645,4645,4637,4467,4359,4328,4253,4209,4097,4029,0,0,0,0,0,0,0,0,0,0,0,0,0,0,0,0,0,0,0,0
MEL,1,29,4087,4224,4315,4178,4307,4123,4211,4326,4406,4368,4532,4466,4626,4481,4389,4395,4455,4410,4629,4554,4661,4676,4747,4678,4636,4633,4624,4458,4352,4318,4244,4199,4088,0,0,0,0,0,0,0,0,0,0,0,0,0,0,0,0,0,0,0,0
MEL,1,30,4397,4263,4391,4482,4337,4460,4269,4353,4468,4547,4505,4671,4605,4772,4623,4528,4531,4593,4550,4769,4693,4801,4815,4887,4816,4774,4767,4757,4589,4480,4442,4366,4318,0,0,0,0,0,0,0,0,0,0,0,0,0,0,0,0,0,0,0,0
MEL,1,31,4222,4354,4231,4357,4450,4313,4434,4251,4335,4455,4534,4496,4663,4601,4774,4627,4533,4535,4595,4553,4765,4688,4793,4803,4871,4795,4753,4740,4726,4560,4450,4408,4331,0,0,0,0,0,0,0,0,0,0,0,0,0,0,0,0,0,0,0,0
MEL,1,32,4242,4182,4308,4191,4309,4399,4265,4380,4201,4281,4399,4477,4440,4605,4548,4722,4581,4491,4494,4556,4519,4729,4658,4764,4777,4848,4776,4739,4728,4716,4556,4449,4410,0,0,0,0,0,0,0,0,0,0,0,0,0,0,0,0,0,0,0,0
MEL,1,33,4232,4212,4153,4272,4158,4269,4356,4222,4330,4154,4228,4344,4417,4380,4541,4486,4660,4522,4433,4436,4497,4464,4668,4599,4704,4717,4787,4716,4682,4670,4658,4503,4399,0,0,0,0,0,0,0,0,0,0,0,0,0,0,0,0,0,0,0,0
MEL,1,34,4130,4298,4283,4229,4348,4239,4350,4441,4308,4416,4239,4314,4433,4508,4470,4632,4577,4756,4614,4523,4523,4583,4548,4750,4678,4781,4790,4857,4782,4746,4729,4714,4558,0,0,0,0,0,0,0,0,0,0,0,0,0,0,0,0,0,0,0,0
MEL,1,35,4393,4062,4226,4217,4167,4283,4181,4288,4379,4249,4354,4181,4254,4370,4443,4406,4565,4513,4690,4552,4463,4463,4521,4489,4685,4615,4715,4723,4790,4716,4682,4664,4649,0,0,0,0,0,0,0,0,0,0,0,0,0,0,0,0,0,0,0,0
MEL,1,36,4591,4465,4133,4299,4294,4246,4362,4262,4369,4461,4331,4434,4261,4334,4453,4526,4491,4653,4603,4786,4648,4559,4561,4623,4593,4793,4725,4829,4840,4910,4837,4805,4788,0,0,0,0,0,0,0,0,0,0,0,0,0,0,0,0,0,0,0,0
MEL,1,37,4496,4508,4389,4069,4228,4224,4179,4289,4192,4292,4381,4253,4350,4181,4250,4367,4439,4404,4563,4516,4699,4565,4478,4481,4542,4516,4710,4645,4748,4760,4830,4759,4731,0,0,0,0,0,0,0,0,0,0,0,0,0,0,0,0,0,0,0,0
MEL,1,38,4168,4557,4567,4448,4125,4283,4280,4234,4342,4246,4342,4429,4301,4395,4224,4291,4407,4478,4443,4602,4556,4740,4607,4520,4522,4584,4559,4753,4689,4793,4804,4874,4803,0,0,0,0,0,0,0,0,0,0,0,0,0,0,0,0,0,0,0,0
MEL,1,39,4172,4195,4589,4605,4493,4175,4339,4345,4304,4416,4325,4425,4517,4389,4484,4311,4377,4496,4566,4530,4691,4643,4830,4693,4603,4603,4665,4638,4832,4766,4870,4880,4951,0,0,0,0,0,0,0,0,0,0,0,0,0,0,0,0,0,0,0,0
MEL,1,40,4231,4063,4086,4467,4480,4371,4061,4217,4221,4180,4285,4196,4290,4377,4254,4344,4178,4242,4358,4428,4396,4554,4511,4696,4566,4482,4485,4548,4526,4719,4658,4763,4776,0,0,0,0,0,0,0,0,0,0,0,0,0,0,0,0,0,0,0,0
MEL,1,41,3939,4091,3933,3959,4328,4343,4240,3942,4094,4100,4062,4165,4080,4171,4256,4137,4224,4064,4126,4240,4308,4277,4431,4391,4573,4448,4367,4371,4433,4413,4601,4543,4647,0,0,0,0,0,0,0,0,0,0,0,0,0,0,0,0,0,0,0,0
MEL,1,42,4149,4038,4195,4034,4063,4444,4461,4358,4055,4211,4220,4183,4288,4203,4293,4379,4256,4344,4178,4241,4357,4426,4394,4553,4512,4700,4572,4488,4492,4557,4537,4730,4671,0,0,0,0,0,0,0,0,0,0,0,0,0,0,0,0,0,0,0,0
MEL,1,43,4176,4102,3993,4150,3992,4024,4399,4417,4318,4018,4172,4183,4147,4249,4166,4254,4339,4217,4303,4139,4200,4315,4383,4352,4508,4469,4657,4530,4449,4453,4518,4500,4690,0,0,0,0,0,0,0,0,0,0,0,0,0,0,0,0,0,0,0,0
MEL,1,44,4383,4193,4119,4010,4168,4013,4048,4424,4443,4345,4046,4200,4211,4176,4277,4195,4280,4365,4242,4327,4163,4223,4339,4408,4376,4534,4496,4686,4560,4479,4484,4550,4533,0,0,0,0,0,0,0,0,0,0,0,0,0,0,0,0,0,0,0,0
MEL,1,45,4561,4363,4176,4103,3995,4155,4004,4041,4416,4436,4340,4042,4196,4208,4173,4273,4192,4276,4361,4237,4322,4158,4218,4334,4403,4372,4531,4494,4686,4561,4480,4486,4553,0,0,0,0,0,0,0,0,0,0,0,0,0,0,0,0,0,0,0,0
MEL,1,46,4464,4597,4399,4210,4133,4024,4184,4032,4070,4443,4462,4366,4065,4217,4229,4193,4290,4209,4290,4374,4249,4331,4167,4225,4341,4409,4378,4536,4500,4693,4568,4487,4493,0,0,0,0,0,0,0,0,0,0,0,0,0,0,0,0,0,0,0,0
MEL,1,47,4187,4412,4545,4353,4168,4094,3987,4147,3999,4039,4409,4429,4336,4039,4189,4202,4168,4263,4184,4263,4347,4222,4304,4141,4199,4315,4383,4353,4511,4476,4671,4548,4469,0,0,0,0,0,0,0,0,0,0,0,0,0,0,0,0,0,0,0,0
MEL,1,48,4018,4116,4339,4469,4282,4101,4030,3925,4084,3939,3980,4344,4365,4274,3981,4128,4141,4106,4199,4121,4198,4280,4157,4237,4077,4133,4248,4314,4285,4442,4408,4600,4480,0,0,0,0,0,0,0,0,0,0,0,0,0,0,0,0,0,0,0,0
MEL,1,49,3985,4059,4157,4381,4510,4322,4139,4064,3957,4116,3970,4010,4375,4393,4301,4005,4151,4163,4128,4219,4141,4216,4298,4174,4252,4091,4147,4262,4328,4299,4456,4422,4616,0,0,0,0,0,0,0,0,0,0,0,0,0,0,0,0,0,0,0,0
MEL,1,50,3892,3922,3997,4095,4316,4444,4260,4080,4006,3900,4057,3914,3954,4312,4331,4241,3950,4093,4106,4072,4161,4085,4158,4238,4116,4193,4034,4089,4203,4269,4241,4397,4366,0,0,0,0,0,0,0,0,0,0,0,0,0,0,0,0,0,0,0,0
MEL,1,51,4167,3859,3889,3964,4061,4282,4408,4227,4048,3974,3868,4023,3882,3923,4276,4293,4204,3915,4056,4069,4035,4122,4047,4118,4197,4076,4151,3994,4048,4161,4227,4200,4355,0,0,0,0,0,0,0,0,0,0,0,0,0,0,0,0,0,0,0,0
MEL,1,52,3905,4053,3756,3790,3867,3967,4187,4313,4140,3968,3897,3795,3950,3814,3856,4203,4222,4136,3854,3992,4007,3975,4060,3988,4058,4137,4018,4093,3940,3994,4107,4174,4149,0,0,0,0,0,0,0,0,0,0,0,0,0,0,0,0,0,0,0,0
MEL,1,53,4003,3898,4046,3749,3784,3861,3960,4179,4305,4130,3957,3885,3782,3935,3799,3840,4185,4202,4116,3834,3971,3985,3953,4037,3965,4034,4112,3994,4067,3915,3969,4082,4148,0,0,0,0,0,0,0,0,0,0,0,0,0,0,0,0,0,0,0,0
MEL,1,54,3846,3970,3868,4013,3721,3757,3835,3934,4151,4275,4102,3930,3858,3754,3905,3770,3811,4152,4169,4085,3805,3940,3955,3923,4006,3935,4003,4081,3963,4036,3886,3939,4052,0,0,0,0,0,0,0,0,0,0,0,0,0,0,0,0,0,0,0,0
MEL,1,55,3695,3850,3975,3874,4019,3729,3767,3845,3945,4163,4286,4113,3940,3867,3762,3912,3777,3818,4159,4176,4091,3811,3946,3962,3930,4013,3943,4010,4088,3971,4044,3894,3948,0,0,0,0,0,0,0,0,0,0,0,0,0,0,0,0,0,0,0,0
MEL,1,56,3737,3660,3813,3938,3839,3985,3698,3736,3814,3913,4129,4251,4079,3907,3833,3728,3877,3743,3783,4120,4136,4052,3775,3909,3924,3893,3975,3906,3972,4050,3934,4007,3859,0,0,0,0,0,0,0,0,0,0,0,0,0,0,0,0,0,0,0,0
MEL,1,57,3735,3670,3599,3750,3875,3781,3925,3644,3683,3761,3859,4072,4193,4024,3854,3781,3678,3824,3693,3733,4066,4082,4001,3727,3860,3876,3845,3927,3860,3926,4004,3890,3964,0,0,0,0,0,0,0,0,0,0,0,0,0,0,0,0,0,0,0,0
MEL,1,58,3729,3784,3719,3645,3799,3925,3829,3974,3688,3727,3804,3901,4115,4235,4062,3890,3815,3709,3856,3723,3764,4098,4114,4032,3757,3889,3905,3875,3957,3889,3956,4034,3920,0,0,0,0,0,0,0,0,0,0,0,0,0,0,0,0,0,0,0,0
MEL,1,59,3450,3561,3616,3554,3486,3636,3759,3669,3808,3536,3575,3650,3744,3950,4064,3898,3733,3660,3558,3699,3572,3612,3933,3949,3870,3607,3734,3750,3722,3801,3737,3802,3878,0,0,0,0,0,0,0,0,0,0,0,0,0,0,0,0,0,0,0,0
MEL,1,60,3484,3398,3508,3564,3505,3441,3589,3711,3623,3761,3494,3532,3606,3700,3902,4015,3851,3687,3614,3514,3653,3529,3568,3885,3901,3824,3564,3690,3708,3680,3759,3697,3761,0,0,0,0,0,0,0,0,0,0,0,0,0,0,0,0,0,0,0,0
MEL,1,61,3309,3451,3368,3474,3530,3474,3410,3557,3678,3590,3725,3461,3498,3571,3661,3860,3970,3807,3645,3572,3472,3609,3487,3526,3837,3853,3778,3522,3646,3664,3637,3715,3655,0,0,0,0,0,0,0,0,0,0,0,0,0,0,0,0,0,0,0,0
MEL,1,62,3204,3195,3333,3251,3356,3413,3360,3299,3443,3560,3476,3607,3351,3387,3457,3545,3737,3843,3686,3528,3458,3361,3494,3376,3414,3716,3732,3660,3412,3533,3551,3526,3602,0,0,0,0,0,0,0,0,0,0,0,0,0,0,0,0,0,0,0,0
MEL,1,63,3048,3095,3087,3218,3140,3245,3300,3249,3191,3329,3442,3360,3486,3238,3273,3340,3424,3609,3710,3559,3406,3338,3244,3372,3259,3296,3587,3603,3534,3295,3413,3430,3407,0,0,0,0,0,0,0,0,0,0,0,0,0,0,0,0,0,0,0,0
MEL,1,64,2969,3004,3050,3043,3173,3098,3201,3255,3206,3148,3284,3395,3314,3437,3193,3228,3294,3376,3558,3658,3508,3358,3291,3199,3325,3213,3251,3538,3554,3487,3252,3368,3387,0,0,0,0,0,0,0,0,0,0,0,0,0,0,0,0,0,0,0,0
MEL,1,65,2999,2874,2908,2951,2946,3074,3002,3103,3157,3109,3054,3186,3293,3215,3333,3098,3132,3196,3276,3452,3549,3405,3259,3194,3105,3228,3121,3158,3438,3454,3391,3164,3277,0,0,0,0,0,0,0,0,0,0,0,0,0,0,0,0,0,0,0,0
MEL,1,66,2818,2952,2829,2859,2904,2903,3030,2960,3061,3114,3068,3014,3145,3251,3174,3289,3057,3091,3153,3233,3406,3501,3359,3216,3152,3064,3186,3081,3119,3395,3412,3350,3127,0,0,0,0,0,0,0,0,0,0,0,0,0,0,0,0,0,0,0,0
MEL,1,67,3052,2760,2890,2767,2796,2843,2841,2965,2897,2995,3047,3001,2949,3075,3179,3103,3216,2989,3022,3084,3161,3331,3424,3285,3146,3083,2998,3117,3015,3053,3324,3341,3281,0,0,0,0,0,0,0,0,0,0,0,0,0,0,0,0,0,0,0,0
MEL,1,68,2706,2919,2639,2759,2641,2671,2714,2713,2831,2765,2858,2906,2862,2812,2931,3029,2957,3063,2847,2878,2936,3010,3171,3259,3127,2995,2935,2853,2967,2871,2906,3164,3181,0,0,0,0,0,0,0,0,0,0,0,0,0,0,0,0,0,0,0,0
MEL,1,69,2920,2662,2873,2593,2713,2600,2630,2673,2672,2788,2724,2817,2864,2822,2773,2891,2987,2917,3022,2809,2841,2899,2972,3132,3220,3090,2960,2901,2821,2934,2840,2877,3133,0,0,0,0,0,0,0,0,0,0,0,0,0,0,0,0,0,0,0,0
MEL,1,70,2959,2822,2571,2770,2501,2618,2508,2536,2576,2574,2687,2624,2713,2758,2717,2669,2783,2875,2807,2908,2703,2734,2790,2860,3014,3099,2974,2848,2792,2715,2824,2734,2770,0,0,0,0,0,0,0,0,0,0,0,0,0,0,0,0,0,0,0,0
MEL,1,71,2557,2885,2751,2502,2698,2439,2553,2447,2474,2513,2513,2623,2563,2650,2695,2655,2608,2719,2810,2744,2842,2643,2673,2728,2797,2949,3031,2910,2788,2733,2658,2766,2678,0,0,0,0,0,0,0,0,0,0,0,0,0,0,0,0,0,0,0,0
MEL,1,72,1921,2499,2822,2687,2448,2643,2390,2503,2400,2427,2466,2467,2576,2518,2605,2650,2612,2567,2677,2767,2703,2800,2606,2637,2692,2761,2912,2995,2876,2756,2703,2630,2738,0,0,0,0,0,0,0,0,0,0,0,0,0,0,0,0,0,0,0,0
MEL,1,73,1716,1827,2381,2681,2556,2332,2519,2278,2385,2287,2313,2351,2352,2457,2402,2486,2529,2493,2451,2556,2642,2582,2675,2490,2520,2574,2640,2785,2865,2752,2638,2587,2518,0,0,0,0,0,0,0,0,0,0,0,0,0,0,0,0,0,0,0,0
MEL,1,74,1510,1646,1752,2277,2566,2450,2235,2412,2181,2282,2188,2212,2246,2247,2348,2295,2375,2416,2383,2343,2444,2526,2469,2559,2382,2412,2464,2528,2667,2743,2636,2527,2479,0,0,0,0,0,0,0,0,0,0,0,0,0,0,0,0,0,0,0,0
MEL,1,75,1357,1473,1606,1703,2217,2503,2391,2182,2353,2128,2226,2132,2155,2187,2189,2288,2237,2316,2356,2324,2286,2385,2466,2411,2499,2327,2357,2409,2472,2609,2684,2580,2474,0,0,0,0,0,0,0,0,0,0,0,0,0,0,0,0,0,0,0,0
MEL,1,76,1223,1306,1419,1539,1635,2135,2410,2303,2102,2267,2050,2144,2055,2076,2107,2110,2206,2158,2235,2275,2245,2209,2306,2386,2334,2419,2254,2285,2336,2398,2532,2606,2506,0,0,0,0,0,0,0,0,0,0,0,0,0,0,0,0,0,0,0,0
MEL,1,77,1322,1197,1277,1384,1505,1602,2094,2364,2260,2064,2225,2013,2105,2018,2039,2068,2073,2167,2121,2198,2238,2210,2175,2272,2351,2301,2386,2224,2255,2306,2369,2502,2576,0,0,0,0,0,0,0,0,0,0,0,0,0,0,0,0,0,0,0,0
MEL,1,78,1278,1248,1129,1200,1304,1423,1517,1984,2242,2144,1959,2113,1913,2001,1918,1938,1966,1971,2062,2019,2094,2133,2107,2076,2169,2246,2199,2280,2127,2158,2208,2269,2397,0,0,0,0,0,0,0,0,0,0,0,0,0,0,0,0,0,0,0,0
MEL,1,79,1267,1241,1212,1091,1162,1267,1382,1473,1927,2177,2082,1902,2051,1856,1942,1861,1881,1908,1914,2003,1962,2035,2074,2051,2021,2113,2189,2144,2225,2076,2108,2157,2217,0,0,0,0,0,0,0,0,0,0,0,0,0,0,0,0,0,0,0,0
MEL,1,80,1170,1207,1182,1147,1035,1107,1207,1318,1405,1839,2078,1988,1818,1959,1774,1856,1779,1798,1824,1831,1918,1881,1953,1991,1971,1944,2033,2108,2066,2145,2003,2035,2085,0,0,0,0,0,0,0,0,0,0,0,0,0,0,0,0,0,0,0,0
MEL,1,81,1129,1086,1121,1091,1063,964,1032,1125,1228,1310,1716,1938,1856,1698,1830,1658,1734,1663,1681,1706,1714,1796,1763,1831,1868,1851,1827,1912,1983,1946,2021,1889,1921,0,0,0,0,0,0,0,0,0,0,0,0,0,0,0,0,0,0,0,0
MEL,1,82,1001,1079,1037,1065,1040,1017,923,988,1077,1176,1255,1644,1857,1779,1628,1755,1591,1664,1596,1614,1639,1647,1728,1698,1765,1803,1788,1767,1850,1921,1886,1960,1834,0,0,0,0,0,0,0,0,0,0,0,0,0,0,0,0,0,0,0,0
MEL,1,83,934,915,989,945,975,959,939,854,916,1001,1095,1170,1536,1736,1665,1527,1645,1494,1563,1500,1518,1541,1552,1629,1602,1668,1705,1693,1675,1756,1825,1794,1865,0,0,0,0,0,0,0,0,0,0,0,0,0,0,0,0,0,0,0,0
MEL,1,84,935,895,877,942,904,937,922,904,823,883,965,1056,1129,1483,1676,1609,1477,1591,1446,1513,1453,1471,1494,1506,1583,1559,1625,1662,1653,1637,1717,1787,1759,0,0,0,0,0,0,0,0,0,0,0,0,0,0,0,0,0,0,0,0
MEL,1,85,836,897,859,834,900,871,904,891,874,796,855,935,1024,1095,1439,1628,1564,1436,1547,1406,1472,1414,1431,1454,1466,1542,1520,1586,1623,1616,1601,1681,1750,0,0,0,0,0,0,0,0,0,0,0,0,0,0,0,0,0,0,0,0
MEL,1,86,757,733,788,751,732,797,772,804,793,780,712,766,838,919,983,1294,1463,1408,1295,1395,1269,1329,1277,1293,1314,1327,1397,1378,1439,1475,1470,1458,1532,0,0,0,0,0,0,0,0,0,0,0,0,0,0,0,0,0,0,0,0
MEL,1,87,634,683,663,705,676,666,726,705,735,727,715,654,705,773,848,908,1197,1356,1306,1203,1296,1180,1236,1190,1205,1226,1239,1306,1290,1349,1384,1381,1373,0,0,0,0,0,0,0,0,0,0,0,0,0,0,0,0,0,0,0,0
MEL,1,88,498,551,594,569,610,591,583,637,620,647,641,631,578,624,685,752,807,1066,1208,1165,1075,1159,1057,1108,1067,1082,1102,1116,1178,1166,1221,1254,1254,0,0,0,0,0,0,0,0,0,0,0,0,0,0,0,0,0,0,0,0
MEL,1,89,443,449,501,530,513,556,541,534,584,570,596,591,583,534,578,634,697,748,989,1121,1083,1001,1079,986,1034,997,1011,1030,1044,1102,1092,1145,1178,0,0,0,0,0,0,0,0,0,0,0,0,0,0,0,0,0,0,0,0
MEL,1,90,408,382,390,431,459,451,489,478,473,519,508,532,529,522,480,520,572,630,677,897,1017,985,913,983,900,944,911,925,943,957,1011,1003,1053,0,0,0,0,0,0,0,0,0,0,0,0,0,0,0,0,0,0,0,0
MEL,1,91,297,346,326,326,363,392,385,418,409,405,445,435,457,454,448,412,447,493,544,585,778,883,857,796,858,788,827,799,813,829,843,892,887,0,0,0,0,0,0,0,0,0,0,0,0,0,0,0,0,0,0,0,0
MEL,1,92,244,229,267,249,251,284,307,303,329,323,320,352,346,363,361,357,329,357,394,435,469,625,710,691,644,694,638,671,649,661,675,687,728,0,0,0,0,0,0,0,0,0,0,0,0,0,0,0,0,0,0,0,0
MEL,1,93,161,184,174,197,186,191,217,234,231,251,247,246,270,266,279,278,275,254,276,305,337,364,485,552,538,503,542,500,526,510,520,532,542,0,0,0,0,0,0,0,0,0,0,0,0,0,0,0,0,0,0,0,0
MEL,1,94,124,124,140,129,145,141,145,164,176,175,189,187,186,204,201,211,210,208,192,210,232,256,276,370,420,411,385,415,384,404,392,400,409,0,0,0,0,0,0,0,0,0,0,0,0,0,0,0,0,0,0,0,0
MEL,1,95,87,107,109,119,111,128,125,128,145,156,155,168,166,165,182,179,189,189,186,173,189,209,231,250,335,382,374,352,379,352,370,360,368,0,0,0,0,0,0,0,0,0,0,0,0,0,0,0,0,0,0,0,0
MEL,1,96,43,55,69,68,75,72,82,80,83,94,101,101,109,108,108,119,117,124,124,123,114,125,138,153,166,223,254,250,236,254,236,249,243,0,0,0,0,0,0,0,0,0,0,0,0,0,0,0,0,0,0,0,0
MEL,1,97,34,24,31,39,38,43,42,48,47,49,56,60,60,65,65,65,71,71,75,75,74,69,76,84,94,101,137,156,154,145,157,146,155,0,0,0,0,0,0,0,0,0,0,0,0,0,0,0,0,0,0,0,0
MEL,1,98,41,42,30,37,46,47,53,51,58,57,59,67,73,73,79,78,78,86,85,90,90,89,83,91,102,113,122,165,189,186,176,190,178,0,0,0,0,0,0,0,0,0,0,0,0,0,0,0,0,0,0,0,0
MEL,1,99,12,22,30,30,32,38,42,46,49,54,57,60,65,71,75,81,84,87,92,95,100,103,105,104,108,114,124,134,159,187,206,216,229,0,0,0,0,0,0,0,0,0,0,0,0,0,0,0,0,0,0,0,0
MEL,2,0,17,17,17,17,17,17,17,17,17,17,17,18,18,18,17,17,17,17,17,17,17,17,17,16,16,16,16,16,16,15,15,15,15,0,0,0,0,0,0,0,0,0,0,0,0,0,0,0,0,0,0,0,0
MEL,2,1,17,17,18,19,19,19,20,21,21,22,23,24,24,25,25,26,26,26,27,27,27,27,28,28,28,28,28,28,28,28,28,28,28,0,0,0,0,0,0,0,0,0,0,0,0,0,0,0,0,0,0,0,0
MEL,2,2,19,20,20,21,22,23,23,24,25,26,27,28,29,30,30,31,32,32,33,33,33,34,34,34,34,35,35,35,35,35,35,35,35,0,0,0,0,0,0,0,0,0,0,0,0,0,0,0,0,0,0,0,0
MEL,2,3,21,21,22,23,24,26,26,27,28,29,31,32,33,34,35,36,37,37,38,38,39,39,39,40,40,40,41,41,41,41,42,42,42,0,0,0,0,0,0,0,0,0,0,0,0,0,0,0,0,0,0,0,0
MEL,2,4,20,22,22,23,24,25,26,27,28,29,31,32,33,34,35,36,37,38,38,39,40,40,40,41,41,42,42,42,43,43,43,44,44,0,0,0,0,0,0,0,0,0,0,0,0,0,0,0,0,0,0,0,0
MEL,2,5,22,22,24,25,26,27,28,30,30,31,32,33,34,36,37,38,38,39,40,41,41,42,42,43,43,44,44,44,45,45,46,46,46,0,0,0,0,0,0,0,0,0,0,0,0,0,0,0,0,0,0,0,0
MEL,2,6,27,29,29,32,32,34,35,36,38,38,39,41,42,43,44,45,46,47,48,49,50,51,51,52,52,53,53,54,54,55,55,55,56,0,0,0,0,0,0,0,0,0,0,0,0,0,0,0,0,0,0,0,0
MEL,2,7,23,23,25,25,27,27,29,29,30,32,32,32,33,34,35,36,37,38,38,39,40,40,41,41,42,42,42,43,43,43,44,44,44,0,0,0,0,0,0,0,0,0,0,0,0,0,0,0,0,0,0,0,0
MEL,2,8,36,40,40,43,43,47,47,49,50,52,54,54,55,56,58,59,60,61,63,64,65,66,67,67,68,69,69,70,71,71,72,72,73,0,0,0,0,0,0,0,0,0,0,0,0,0,0,0,0,0,0,0,0
MEL,2,9,27,28,31,31,34,33,36,37,38,39,40,41,41,42,43,44,44,45,46,47,48,48,49,50,50,51,51,52,52,53,53,54,54,0,0,0,0,0,0,0,0,0,0,0,0,0,0,0,0,0,0,0,0
MEL,2,10,22,24,25,28,28,30,30,32,32,34,34,35,36,36,36,37,38,38,39,40,40,41,42,42,43,43,43,44,44,45,45,45,46,0,0,0,0,0,0,0,0,0,0,0,0,0,0,0,0,0,0,0,0
MEL,2,11,22,22,24,25,27,27,29,29,31,31,31,32,32,33,33,33,34,34,35,35,36,36,37,37,38,38,38,39,39,39,40,40,40,0,0,0,0,0,0,0,0,0,0,0,0,0,0,0,0,0,0,0,0
MEL,2,12,20,20,20,22,22,24,24,26,25,27,27,27,27,28,28,28,28,28,29,29,29,30,30,31,31,31,32,32,32,32,33,33,33,0,0,0,0,0,0,0,0,0,0,0,0,0,0,0,0,0,0,0,0
MEL,2,13,30,32,33,33,36,37,40,40,43,42,45,44,45,45,46,47,47,46,47,48,48,49,49,50,51,51,52,52,53,53,54,54,55,0,0,0,0,0,0,0,0,0,0,0,0,0,0,0,0,0,0,0,0
MEL,2,14,38,40,42,45,45,48,50,54,54,57,56,59,59,60,60,61,62,61,61,62,63,63,64,65,66,67,68,69,69,70,71,72,72,0,0,0,0,0,0,0,0,0,0,0,0,0,0,0,0,0,0,0,0
MEL,2,15,60,61,63,68,71,72,76,79,85,85,89,87,92,91,93,92,94,95,94,93,95,96,97,98,99,100,102,103,105,106,107,108,109,0,0,0,0,0,0,0,0,0,0,0,0,0,0,0,0,0,0,0,0
MEL,2,16,89,95,96,99,105,109,109,115,117,126,124,130,126,133,130,132,131,132,134,132,131,132,133,134,136,137,139,141,143,145,146,147,149,0,0,0,0,0,0,0,0,0,0,0,0,0,0,0,0,0,0,0,0
MEL,2,17,237,224,227,221,217,219,218,208,210,206,212,202,204,195,202,196,195,191,191,191,187,184,184,185,185,186,187,188,189,190,192,192,193,0,0,0,0,0,0,0,0,0,0,0,0,0,0,0,0,0,0,0,0
MEL,2,18,2800,2687,2650,2757,2781,2835,2957,3057,3022,3145,3187,3361,3304,3394,3308,3419,3345,3338,3303,3304,3318,3256,3215,3233,3255,3273,3295,3322,3355,3393,3435,3481,3507,0,0,0,0,0,0,0,0,0,0,0,0,0,0,0,0,0,0,0,0
MEL,2,19,3422,3443,3314,3256,3343,3350,3392,3506,3603,3540,3658,3685,3854,3775,3851,3748,3846,3752,3724,3677,3663,3667,3587,3533,3545,3561,3574,3591,3615,3645,3680,3720,3764,0,0,0,0,0,0,0,0,0,0,0,0,0,0,0,0,0,0,0,0
MEL,2,20,4385,4563,4561,4422,4315,4386,4372,4403,4514,4618,4517,4637,4649,4828,4716,4781,4651,4743,4618,4561,4498,4462,4457,4348,4272,4277,4288,4295,4308,4328,4356,4391,4430,0,0,0,0,0,0,0,0,0,0,0,0,0,0,0,0,0,0,0,0
MEL,2,21,4400,4593,4761,4750,4621,4503,4554,4527,4548,4644,4743,4629,4738,4741,4906,4786,4836,4708,4787,4657,4591,4525,4481,4471,4358,4276,4276,4284,4287,4296,4312,4337,4367,0,0,0,0,0,0,0,0,0,0,0,0,0,0,0,0,0,0,0,0
MEL,2,22,4657,4843,5018,5196,5165,5055,4925,4962,4926,4942,5033,5137,5009,5117,5114,5279,5149,5189,5055,5129,4986,4905,4834,4778,4764,4638,4546,4542,4547,4546,4552,4566,4587,0,0,0,0,0,0,0,0,0,0,0,0,0,0,0,0,0,0,0,0
MEL,2,23,4213,4481,4646,4794,4947,4913,4828,4702,4725,4688,4700,4780,4878,4756,4855,4851,5002,4879,4912,4790,4855,4719,4641,4574,4518,4503,4383,4294,4290,4293,4292,4296,4308,0,0,0,0,0,0,0,0,0,0,0,0,0,0,0,0,0,0,0,0
MEL,2,24,4347,4467,4730,4892,5015,5167,5125,5050,4914,4925,4881,4887,4962,5061,4932,5029,5022,5170,5040,5066,4943,5001,4858,4771,4701,4636,4617,4489,4393,4386,4385,4380,4381,0,0,0,0,0,0,0,0,0,0,0,0,0,0,0,0,0,0,0,0
MEL,2,25,4468,4449,4560,4815,4963,5071,5220,5175,5114,4976,4978,4932,4936,5007,5107,4975,5069,5061,5203,5073,5093,4970,5022,4877,4784,4712,4643,4620,4488,4389,4378,4375,4366,0,0,0,0,0,0,0,0,0,0,0,0,0,0,0,0,0,0,0,0
MEL,2,26,4703,4616,4587,4700,4948,5098,5200,5355,5313,5270,5133,5134,5090,5096,5168,5273,5138,5232,5222,5364,5229,5243,5118,5164,5012,4911,4835,4758,4730,4591,4486,4471,4464,0,0,0,0,0,0,0,0,0,0,0,0,0,0,0,0,0,0,0,0
MEL,2,27,4775,4747,4666,4634,4741,4989,5141,5240,5399,5363,5337,5205,5207,5168,5179,5254,5365,5232,5330,5323,5467,5333,5347,5225,5270,5118,5014,4938,4860,4832,4691,4585,4571,0,0,0,0,0,0,0,0,0,0,0,0,0,0,0,0,0,0,0,0
MEL,2,28,4795,4891,4861,4784,4741,4846,5094,5245,5340,5501,5467,5453,5323,5324,5288,5303,5380,5497,5367,5469,5465,5613,5482,5499,5380,5428,5277,5173,5100,5022,4996,4854,4749,0,0,0,0,0,0,0,0,0,0,0,0,0,0,0,0,0,0,0,0
MEL,2,29,5048,4966,5055,5026,4943,4891,4994,5238,5387,5474,5636,5601,5597,5467,5466,5430,5446,5525,5645,5515,5619,5615,5764,5632,5648,5530,5577,5423,5316,5242,5162,5135,4991,0,0,0,0,0,0,0,0,0,0,0,0,0,0,0,0,0,0,0,0
MEL,2,30,5022,5010,4934,5020,4990,4913,4860,4962,5200,5346,5428,5589,5558,5562,5437,5435,5401,5418,5494,5613,5485,5586,5581,5726,5596,5609,5494,5537,5385,5278,5205,5124,5097,0,0,0,0,0,0,0,0,0,0,0,0,0,0,0,0,0,0,0,0
MEL,2,31,4966,4976,4966,4895,4974,4946,4873,4818,4916,5148,5290,5368,5526,5496,5507,5386,5383,5352,5369,5445,5563,5439,5539,5536,5679,5553,5566,5454,5497,5349,5244,5174,5095,0,0,0,0,0,0,0,0,0,0,0,0,0,0,0,0,0,0,0,0
MEL,2,32,4962,4957,4964,4956,4883,4956,4926,4853,4793,4887,5110,5246,5317,5471,5443,5460,5342,5340,5311,5330,5405,5525,5405,5507,5506,5649,5527,5541,5436,5479,5335,5234,5166,0,0,0,0,0,0,0,0,0,0,0,0,0,0,0,0,0,0,0,0
MEL,2,33,4837,5002,5001,5011,5005,4937,5009,4981,4912,4851,4944,5167,5301,5369,5522,5492,5512,5393,5385,5354,5369,5439,5555,5433,5528,5523,5659,5534,5543,5434,5472,5326,5221,0,0,0,0,0,0,0,0,0,0,0,0,0,0,0,0,0,0,0,0
MEL,2,34,4746,4894,5057,5056,5062,5055,4986,5055,5025,4954,4889,4980,5201,5334,5401,5554,5526,5552,5435,5431,5403,5422,5497,5619,5501,5602,5601,5743,5622,5636,5532,5574,5430,0,0,0,0,0,0,0,0,0,0,0,0,0,0,0,0,0,0,0,0
MEL,2,35,4956,4724,4870,5030,5028,5033,5027,4959,5024,4994,4923,4856,4944,5158,5287,5349,5499,5471,5498,5383,5376,5347,5366,5438,5557,5440,5538,5536,5674,5554,5566,5464,5504,0,0,0,0,0,0,0,0,0,0,0,0,0,0,0,0,0,0,0,0
MEL,2,36,5248,4968,4737,4882,5038,5036,5040,5034,4966,5028,4996,4925,4855,4940,5150,5277,5336,5483,5454,5483,5369,5361,5333,5351,5422,5540,5425,5521,5519,5655,5537,5548,5447,0,0,0,0,0,0,0,0,0,0,0,0,0,0,0,0,0,0,0,0
MEL,2,37,5032,5243,4971,4742,4884,5036,5034,5035,5028,4960,5016,4982,4910,4836,4919,5125,5249,5304,5449,5421,5454,5341,5333,5306,5324,5393,5510,5396,5492,5490,5624,5508,5519,0,0,0,0,0,0,0,0,0,0,0,0,0,0,0,0,0,0,0,0
MEL,2,38,4607,4923,5125,4863,4640,4779,4928,4928,4929,4924,4858,4912,4879,4810,4736,4816,5015,5134,5187,5327,5300,5333,5224,5215,5189,5206,5274,5388,5278,5371,5369,5499,5387,0,0,0,0,0,0,0,0,0,0,0,0,0,0,0,0,0,0,0,0
MEL,2,39,4616,4719,5042,5247,4982,4756,4900,5053,5054,5056,5051,4985,5040,5007,4936,4859,4940,5142,5263,5315,5458,5431,5467,5356,5347,5320,5339,5408,5525,5413,5508,5507,5640,0,0,0,0,0,0,0,0,0,0,0,0,0,0,0,0,0,0,0,0
MEL,2,40,4615,4562,4664,4981,5175,4916,4692,4831,4979,4978,4977,4970,4903,4953,4919,4848,4770,4846,5042,5159,5207,5346,5319,5356,5247,5237,5211,5228,5295,5410,5300,5393,5391,0,0,0,0,0,0,0,0,0,0,0,0,0,0,0,0,0,0,0,0
MEL,2,41,4439,4682,4631,4735,5055,5250,4992,4765,4907,5056,5056,5055,5048,4980,5030,4995,4924,4843,4920,5117,5234,5282,5423,5396,5436,5326,5316,5290,5308,5376,5493,5383,5478,0,0,0,0,0,0,0,0,0,0,0,0,0,0,0,0,0,0,0,0
MEL,2,42,4590,4335,4572,4526,4628,4944,5136,4888,4669,4810,4958,4959,4959,4954,4889,4937,4903,4833,4753,4828,5021,5136,5182,5322,5296,5337,5231,5222,5197,5216,5283,5399,5292,0,0,0,0,0,0,0,0,0,0,0,0,0,0,0,0,0,0,0,0
MEL,2,43,4485,4532,4281,4516,4469,4572,4884,5072,4829,4613,4751,4897,4899,4897,4892,4828,4873,4839,4769,4688,4762,4951,5064,5109,5246,5222,5264,5160,5150,5126,5145,5212,5328,0,0,0,0,0,0,0,0,0,0,0,0,0,0,0,0,0,0,0,0
MEL,2,44,5013,4606,4654,4399,4637,4590,4696,5017,5209,4961,4738,4880,5028,5030,5028,5022,4956,5001,4965,4894,4810,4885,5077,5193,5239,5379,5354,5399,5293,5283,5259,5279,5348,0,0,0,0,0,0,0,0,0,0,0,0,0,0,0,0,0,0,0,0
MEL,2,45,4855,4902,4506,4554,4305,4541,4499,4605,4922,5111,4871,4654,4794,4940,4944,4942,4937,4873,4917,4882,4812,4730,4804,4994,5108,5154,5293,5270,5315,5212,5203,5181,5202,0,0,0,0,0,0,0,0,0,0,0,0,0,0,0,0,0,0,0,0
MEL,2,46,5033,4958,5006,4604,4650,4397,4637,4595,4703,5027,5219,4974,4752,4895,5043,5046,5044,5039,4973,5016,4980,4908,4823,4898,5092,5208,5254,5396,5373,5421,5316,5308,5286,0,0,0,0,0,0,0,0,0,0,0,0,0,0,0,0,0,0,0,0
MEL,2,47,4686,4896,4824,4871,4479,4522,4277,4509,4468,4572,4886,5070,4832,4616,4754,4897,4899,4896,4890,4826,4867,4831,4761,4678,4750,4937,5050,5094,5232,5210,5258,5156,5149,0,0,0,0,0,0,0,0,0,0,0,0,0,0,0,0,0,0,0,0
MEL,2,48,4736,4763,4977,4907,4954,4559,4602,4356,4591,4552,4659,4980,5165,4926,4706,4845,4990,4992,4988,4982,4916,4956,4919,4849,4762,4835,5025,5139,5182,5323,5301,5353,5251,0,0,0,0,0,0,0,0,0,0,0,0,0,0,0,0,0,0,0,0
MEL,2,49,4631,4751,4779,4995,4927,4975,4580,4621,4376,4612,4574,4682,5006,5190,4951,4729,4870,5015,5016,5011,5005,4939,4978,4941,4870,4783,4855,5046,5161,5204,5347,5326,5380,0,0,0,0,0,0,0,0,0,0,0,0,0,0,0,0,0,0,0,0
MEL,2,50,4743,4580,4699,4729,4941,4877,4925,4534,4573,4331,4563,4526,4632,4952,5133,4898,4678,4817,4959,4961,4956,4949,4884,4922,4885,4815,4728,4800,4989,5103,5146,5288,5269,0,0,0,0,0,0,0,0,0,0,0,0,0,0,0,0,0,0,0,0
MEL,2,51,4786,4659,4498,4615,4643,4852,4788,4834,4450,4488,4250,4476,4439,4543,4855,5030,4799,4582,4716,4855,4855,4849,4842,4777,4813,4777,4707,4622,4691,4875,4986,5028,5167,0,0,0,0,0,0,0,0,0,0,0,0,0,0,0,0,0,0,0,0
MEL,2,52,4730,4825,4697,4534,4650,4678,4887,4822,4867,4479,4514,4273,4499,4460,4563,4875,5050,4816,4598,4732,4870,4870,4862,4855,4790,4825,4788,4718,4632,4701,4885,4996,5038,0,0,0,0,0,0,0,0,0,0,0,0,0,0,0,0,0,0,0,0
MEL,2,53,4689,4673,4765,4638,4478,4592,4619,4824,4760,4802,4419,4450,4212,4432,4393,4494,4801,4970,4741,4525,4656,4791,4790,4783,4775,4710,4744,4706,4638,4552,4619,4800,4909,0,0,0,0,0,0,0,0,0,0,0,0,0,0,0,0,0,0,0,0
MEL,2,54,4559,4673,4657,4747,4622,4463,4577,4605,4809,4746,4787,4405,4434,4197,4415,4377,4476,4781,4948,4720,4505,4635,4768,4768,4760,4752,4687,4720,4682,4614,4528,4595,4775,0,0,0,0,0,0,0,0,0,0,0,0,0,0,0,0,0,0,0,0
MEL,2,55,4534,4564,4677,4661,4751,4625,4467,4580,4608,4811,4749,4788,4405,4433,4196,4412,4373,4472,4776,4940,4713,4498,4627,4760,4760,4751,4743,4678,4710,4673,4604,4518,4585,0,0,0,0,0,0,0,0,0,0,0,0,0,0,0,0,0,0,0,0
MEL,2,56,4513,4498,4530,4640,4625,4714,4590,4434,4546,4573,4774,4712,4750,4371,4395,4161,4374,4335,4432,4732,4893,4669,4456,4583,4714,4714,4705,4697,4633,4663,4626,4558,4473,0,0,0,0,0,0,0,0,0,0,0,0,0,0,0,0,0,0,0,0
MEL,2,57,4521,4536,4523,4554,4664,4649,4737,4612,4455,4567,4593,4793,4730,4767,4386,4409,4174,4386,4346,4443,4743,4903,4680,4466,4594,4724,4723,4714,4706,4642,4672,4635,4567,0,0,0,0,0,0,0,0,0,0,0,0,0,0,0,0,0,0,0,0
MEL,2,58,4446,4467,4482,4469,4501,4609,4593,4679,4555,4399,4509,4533,4729,4666,4702,4326,4347,4115,4323,4285,4380,4675,4833,4613,4402,4528,4656,4656,4647,4639,4576,4606,4569,0,0,0,0,0,0,0,0,0,0,0,0,0,0,0,0,0,0,0,0
MEL,2,59,4552,4413,4433,4447,4434,4466,4573,4556,4641,4518,4363,4470,4494,4686,4623,4657,4284,4303,4073,4278,4239,4333,4624,4779,4562,4354,4478,4604,4603,4594,4586,4524,4553,0,0,0,0,0,0,0,0,0,0,0,0,0,0,0,0,0,0,0,0
MEL,2,60,4259,4478,4341,4362,4376,4364,4397,4502,4486,4569,4448,4297,4402,4426,4614,4552,4585,4219,4237,4011,4212,4174,4266,4553,4705,4492,4287,4409,4534,4534,4525,4518,4457,0,0,0,0,0,0,0,0,0,0,0,0,0,0,0,0,0,0,0,0
MEL,2,61,4345,4198,4413,4279,4298,4312,4300,4332,4435,4419,4500,4380,4231,4334,4356,4540,4480,4511,4150,4167,3944,4141,4104,4195,4477,4625,4417,4215,4336,4458,4458,4449,4442,0,0,0,0,0,0,0,0,0,0,0,0,0,0,0,0,0,0,0,0
MEL,2,62,4155,4280,4136,4346,4215,4235,4249,4237,4270,4371,4355,4434,4316,4169,4270,4291,4472,4412,4442,4087,4103,3884,4077,4041,4130,4407,4553,4349,4151,4269,4389,4390,4382,0,0,0,0,0,0,0,0,0,0,0,0,0,0,0,0,0,0,0,0
MEL,2,63,4146,4100,4221,4076,4282,4152,4170,4183,4170,4200,4298,4280,4357,4240,4094,4191,4210,4386,4325,4354,4004,4018,3803,3992,3956,4042,4313,4455,4254,4060,4175,4292,4292,0,0,0,0,0,0,0,0,0,0,0,0,0,0,0,0,0,0,0,0
MEL,2,64,4208,4176,4132,4251,4107,4315,4185,4203,4216,4202,4233,4330,4312,4389,4271,4124,4222,4242,4418,4358,4386,4035,4049,3833,4023,3987,4074,4347,4490,4289,4094,4210,4329,0,0,0,0,0,0,0,0,0,0,0,0,0,0,0,0,0,0,0,0
MEL,2,65,4158,4175,4142,4097,4215,4074,4279,4150,4169,4181,4167,4197,4293,4273,4349,4232,4087,4183,4203,4377,4318,4345,3998,4011,3798,3985,3950,4037,4308,4448,4250,4057,4173,0,0,0,0,0,0,0,0,0,0,0,0,0,0,0,0,0,0,0,0
MEL,2,66,3931,4087,4103,4067,4025,4142,4003,4205,4079,4097,4109,4094,4124,4218,4198,4271,4156,4013,4106,4125,4295,4237,4263,3923,3934,3725,3908,3874,3959,4225,4361,4168,3979,0,0,0,0,0,0,0,0,0,0,0,0,0,0,0,0,0,0,0,0
MEL,2,67,4201,3866,4021,4033,3999,3958,4073,3937,4135,4011,4029,4040,4026,4056,4148,4128,4199,4086,3946,4038,4057,4224,4167,4194,3860,3870,3666,3846,3813,3896,4158,4293,4104,0,0,0,0,0,0,0,0,0,0,0,0,0,0,0,0,0,0,0,0
MEL,2,68,4068,4179,3844,3996,4009,3975,3934,4048,3912,4108,3985,4002,4013,3998,4028,4118,4098,4168,4055,3917,4007,4026,4192,4135,4161,3830,3840,3637,3815,3783,3866,4126,4259,0,0,0,0,0,0,0,0,0,0,0,0,0,0,0,0,0,0,0,0
MEL,2,69,4063,4084,4193,3853,4006,4019,3983,3942,4055,3919,4115,3991,4007,4018,4002,4030,4120,4098,4167,4054,3915,4005,4023,4188,4132,4157,3826,3835,3632,3810,3777,3860,4119,0,0,0,0,0,0,0,0,0,0,0,0,0,0,0,0,0,0,0,0
MEL,2,70,4073,3997,4015,4117,3783,3932,3943,3906,3864,3974,3839,4029,3907,3922,3931,3914,3942,4028,4006,4072,3961,3825,3912,3930,4091,4036,4060,3736,3743,3545,3718,3686,3766,0,0,0,0,0,0,0,0,0,0,0,0,0,0,0,0,0,0,0,0
MEL,2,71,3738,4034,3961,3973,4075,3746,3892,3901,3865,3823,3929,3796,3983,3863,3877,3887,3870,3897,3982,3960,4025,3916,3783,3869,3887,4046,3993,4016,3696,3703,3508,3678,3648,0,0,0,0,0,0,0,0,0,0,0,0,0,0,0,0,0,0,0,0
MEL,2,72,2828,3710,4002,3928,3941,4042,3716,3860,3870,3834,3792,3898,3767,3951,3834,3848,3857,3841,3869,3953,3932,3996,3889,3758,3844,3863,4021,3969,3994,3676,3683,3490,3659,0,0,0,0,0,0,0,0,0,0,0,0,0,0,0,0,0,0,0,0
MEL,2,73,2725,2796,3667,3950,3876,3886,3984,3660,3799,3806,3768,3725,3827,3697,3877,3761,3774,3782,3765,3793,3875,3853,3916,3811,3683,3768,3786,3941,3890,3914,3603,3608,3419,0,0,0,0,0,0,0,0,0,0,0,0,0,0,0,0,0,0,0,0
MEL,2,74,2495,2705,2777,3638,3921,3850,3860,3958,3637,3776,3783,3746,3704,3806,3678,3856,3741,3754,3762,3745,3772,3853,3831,3893,3787,3660,3743,3761,3913,3862,3884,3575,3579,0,0,0,0,0,0,0,0,0,0,0,0,0,0,0,0,0,0,0,0
MEL,2,75,2312,2457,2662,2729,3577,3856,3785,3793,3888,3571,3706,3712,3675,3633,3733,3608,3783,3671,3684,3693,3677,3705,3786,3766,3828,3726,3602,3685,3703,3855,3806,3829,3525,0,0,0,0,0,0,0,0,0,0,0,0,0,0,0,0,0,0,0,0
MEL,2,76,2114,2292,2435,2635,2703,3544,3820,3750,3758,3852,3539,3673,3678,3641,3600,3699,3576,3750,3639,3652,3661,3645,3673,3753,3732,3794,3692,3569,3651,3669,3819,3771,3793,0,0,0,0,0,0,0,0,0,0,0,0,0,0,0,0,0,0,0,0
MEL,2,77,2297,2124,2305,2442,2643,2713,3555,3831,3761,3768,3862,3549,3682,3687,3650,3609,3708,3586,3759,3650,3663,3672,3656,3686,3765,3744,3805,3704,3582,3663,3682,3831,3784,0,0,0,0,0,0,0,0,0,0,0,0,0,0,0,0,0,0,0,0
MEL,2,78,2319,2250,2081,2253,2389,2585,2652,3475,3742,3674,3680,3771,3466,3595,3600,3564,3525,3623,3505,3675,3571,3585,3597,3582,3614,3693,3674,3735,3638,3520,3601,3621,3769,0,0,0,0,0,0,0,0,0,0,0,0,0,0,0,0,0,0,0,0
MEL,2,79,2450,2251,2183,2010,2179,2311,2500,2564,3358,3614,3547,3551,3638,3343,3467,3471,3437,3399,3494,3382,3547,3449,3465,3478,3466,3499,3578,3561,3622,3529,3417,3497,3518,0,0,0,0,0,0,0,0,0,0,0,0,0,0,0,0,0,0,0,0
MEL,2,80,2397,2438,2243,2167,1997,2165,2295,2481,2544,3330,3582,3516,3518,3604,3313,3435,3438,3405,3368,3462,3353,3517,3422,3439,3453,3441,3476,3554,3538,3597,3506,3396,3475,0,0,0,0,0,0,0,0,0,0,0,0,0,0,0,0,0,0,0,0
MEL,2,81,2390,2306,2344,2150,2081,1922,2084,2210,2391,2455,3215,3459,3398,3401,3484,3203,3321,3323,3289,3254,3344,3239,3396,3305,3320,3333,3322,3354,3428,3411,3468,3378,3272,0,0,0,0,0,0,0,0,0,0,0,0,0,0,0,0,0,0,0,0
MEL,2,82,2353,2306,2228,2259,2079,2017,1864,2023,2147,2324,2387,3129,3367,3309,3313,3394,3121,3234,3234,3201,3165,3251,3149,3300,3211,3225,3236,3223,3254,3323,3305,3358,3270,0,0,0,0,0,0,0,0,0,0,0,0,0,0,0,0,0,0,0,0
MEL,2,83,2336,2227,2185,2107,2143,1979,1922,1780,1933,2054,2226,2289,3003,3233,3180,3184,3263,3001,3109,3109,3077,3041,3124,3027,3172,3087,3100,3111,3098,3128,3195,3177,3227,0,0,0,0,0,0,0,0,0,0,0,0,0,0,0,0,0,0,0,0
MEL,2,84,2089,2232,2130,2085,2018,2060,1905,1853,1718,1868,1987,2155,2218,2914,3138,3089,3094,3172,2920,3025,3025,2995,2962,3044,2953,3096,3017,3031,3045,3034,3067,3134,3119,0,0,0,0,0,0,0,0,0,0,0,0,0,0,0,0,0,0,0,0
MEL,2,85,2257,2015,2154,2049,2013,1955,1997,1849,1799,1669,1816,1931,2095,2158,2836,3055,3010,3017,3094,2851,2956,2957,2930,2901,2984,2899,3042,2969,2988,3005,2998,3035,3105,0,0,0,0,0,0,0,0,0,0,0,0,0,0,0,0,0,0,0,0
MEL,2,86,2086,2091,1871,1990,1903,1877,1825,1867,1732,1687,1567,1706,1816,1971,2031,2672,2879,2840,2848,2923,2696,2796,2799,2775,2750,2832,2755,2894,2829,2850,2870,2867,2907,0,0,0,0,0,0,0,0,0,0,0,0,0,0,0,0,0,0,0,0
MEL,2,87,1819,1918,1932,1717,1836,1765,1744,1699,1740,1618,1576,1466,1597,1700,1847,1905,2506,2701,2666,2674,2745,2533,2628,2631,2610,2586,2665,2595,2728,2671,2692,2714,2713,0,0,0,0,0,0,0,0,0,0,0,0,0,0,0,0,0,0,0,0
MEL,2,88,1510,1632,1722,1730,1547,1661,1601,1586,1548,1588,1480,1444,1345,1466,1561,1696,1751,2305,2484,2453,2460,2526,2333,2420,2422,2403,2382,2456,2394,2518,2468,2490,2513,0,0,0,0,0,0,0,0,0,0,0,0,0,0,0,0,0,0,0,0
MEL,2,89,1332,1365,1480,1551,1571,1414,1521,1470,1459,1428,1467,1371,1339,1249,1362,1451,1576,1627,2142,2308,2281,2288,2350,2172,2253,2256,2239,2221,2291,2237,2355,2312,2335,0,0,0,0,0,0,0,0,0,0,0,0,0,0,0,0,0,0,0,0
MEL,2,90,1049,1130,1164,1255,1324,1349,1217,1311,1270,1264,1239,1276,1194,1168,1091,1190,1269,1379,1426,1878,2025,2004,2012,2068,1914,1987,1991,1978,1964,2030,1986,2093,2060,0,0,0,0,0,0,0,0,0,0,0,0,0,0,0,0,0,0,0,0
MEL,2,91,947,912,986,1003,1092,1159,1183,1069,1152,1118,1113,1093,1126,1055,1032,965,1054,1124,1222,1265,1667,1798,1782,1790,1842,1707,1774,1779,1769,1758,1820,1784,1883,0,0,0,0,0,0,0,0,0,0,0,0,0,0,0,0,0,0,0,0
MEL,2,92,860,840,810,864,884,966,1023,1045,947,1019,989,986,969,998,939,918,859,938,1000,1085,1122,1477,1592,1578,1587,1634,1518,1577,1582,1576,1568,1624,1596,0,0,0,0,0,0,0,0,0,0,0,0,0,0,0,0,0,0,0,0
MEL,2,93,597,680,666,636,685,705,772,817,837,760,818,796,794,781,806,759,743,696,760,810,880,911,1200,1294,1285,1292,1332,1238,1288,1292,1289,1283,1331,0,0,0,0,0,0,0,0,0,0,0,0,0,0,0,0,0,0,0,0
MEL,2,94,494,496,563,546,526,570,587,642,680,696,633,681,663,662,652,672,634,620,582,635,677,735,761,1003,1081,1074,1080,1113,1036,1076,1080,1077,1073,0,0,0,0,0,0,0,0,0,0,0,0,0,0,0,0,0,0,0,0
MEL,2,95,343,344,347,388,381,370,402,414,454,480,493,449,483,471,471,465,480,453,443,416,455,484,526,546,719,775,771,776,800,745,775,778,776,0,0,0,0,0,0,0,0,0,0,0,0,0,0,0,0,0,0,0,0
MEL,2,96,226,257,259,256,290,286,278,301,310,339,358,368,335,360,351,350,345,356,336,329,308,336,357,388,403,529,570,567,569,587,546,567,569,0,0,0,0,0,0,0,0,0,0,0,0,0,0,0,0,0,0,0,0
MEL,2,97,128,141,162,162,163,185,184,180,195,202,222,235,243,222,239,234,234,231,239,226,221,208,227,241,263,273,358,386,385,386,399,372,386,0,0,0,0,0,0,0,0,0,0,0,0,0,0,0,0,0,0,0,0
MEL,2,98,77,126,138,157,160,160,182,181,177,192,199,218,231,239,219,235,230,230,228,236,223,219,206,224,238,259,270,354,382,380,382,394,368,0,0,0,0,0,0,0,0,0,0,0,0,0,0,0,0,0,0,0,0
MEL,2,99,70,86,121,152,186,212,231,257,274,284,301,317,339,362,384,389,402,409,415,419,427,427,425,416,421,434,455,478,540,602,648,682,715,0,0,0,0,0,0,0,0,0,0,0,0,0,0,0,0,0,0,0,0
,,,510818,514915,518768,522183,525585,529218,532878,536688,540313,544055,547682,551384,554905,558326,561512,564622,567312,569779,571966,573911,575595,576931,577972,578833,579530,580114,580594,581079,581548,582014,582533,583133,583786,,,,,,,,,,,,,,,,,,,,